SubNum,SubName,SubID,Latitude,Longitude,GICSubGroundOhms,GICUsedSubGroundOhms
1,ODESSA 2,1,31.906736,-102.262348,0.09,0.09
2,PRESIDIO 2,2,29.888046,-104.519139,0.145,0.145
3,O DONNELL 1,3,32.926389,-101.647778,0.111,0.111
4,BIG SPRING 5,4,32.2075,-101.388333,0.29,0.29
5,VAN HORN,5,31.09348,-104.624514,0.35,0.35
6,IRAAN 2,6,30.931467,-102.201433,0.014,0.014
7,PRESIDIO 1,7,29.6,-104.3,0.116,0.116
8,SANDERSON,8,30.028067,-101.970461,0.4,0.4
9,MONAHANS 2,9,31.484586,-103.161046,0.28,0.28
10,GRANDFALLS,10,31.169523,-103.085134,0.94,0.94
11,MARFA,11,30.285296,-104.005761,0.069,0.069
12,GARDEN CITY,12,31.763075,-101.501775,0.094,0.094
13,ODESSA 4,13,31.725171,-102.413607,0.114,0.114
14,NOTREES,14,31.799171,-102.632933,0.59,0.59
15,MIDLAND 4,15,31.979427,-102.132366,2.35,2.35
16,BIG SPRING 1,16,31.9925,-101.1167,0.171,0.171
17,O DONNELL 2,17,32.929014,-101.578617,0.136,0.136
18,ODESSA 6,18,31.969312,-102.630882,0.079,0.079
19,BIG SPRINGS,19,32.039,-101.22,0.91,0.91
20,MIDLAND 2,20,32.321673,-102.042298,0.113,0.113
21,COAHOMA,21,32.879511,-101.246784,0.22,0.22
22,MIDLAND 3,22,31.992384,-102.081464,0.23,0.23
23,ALPINE,23,29.802094,-103.22236,0.29,0.29
24,FORT DAVIS,24,31.004969,-103.759065,0.61,0.61
25,MCCAMEY 1,25,31.2092,-102.2417,0.44,0.44
26,BIG SPRING 4,26,31.991442,-101.302637,0.079,0.079
27,CRANE,27,31.186888,-102.596253,0.23,0.23
28,ODESSA 5,28,31.799158,-102.47409,2.51,2.51
29,FORT STOCKTON 1,29,30.772575,-102.505808,0.38,0.38
30,ANDREWS,30,32.335729,-102.697303,1.69,1.69
31,FORSAN,31,32.1408,-101.3986,1.56,1.56
32,BIG LAKE,32,31.272551,-101.172783,0.01,0.01
33,MIDLAND 5,33,32.053604,-102.20166,0.078,0.078
34,OZONA,34,30.575618,-101.331239,0.33,0.33
35,MONAHANS 1,35,31.5839,-102.9633,0.132,0.132
36,STANTON,36,32.489818,-101.754488,0.49,0.49
37,ODONNELL,37,32.92701,-101.764414,0.41,0.41
38,LENORAH,38,32.2353,-101.8367,0.188,0.188
39,IRAAN 3,39,30.8847,-101.9208,0.094,0.094
40,BIG SPRING 6,40,32.273182,-101.422436,0.164,0.164
41,ODESSA 3,41,32.001129,-102.312423,0.53,0.53
42,BIG SPRING 3,42,32.100823,-101.451385,0.4,0.4
43,BIG SPRING 7,43,32.102911,-101.365434,0.43,0.43
44,MIDLAND 1,44,31.517628,-101.918007,0.32,0.32
45,IRAAN 1,45,30.9178,-102.0867,0.118,0.118
46,ODESSA 1,46,31.8403,-102.3264,0.028,0.028
47,FORT STOCKTON 2,47,30.807272,-102.355628,0.24,0.24
48,FORT STOCKTON 3,48,30.747459,-102.790792,0.28,0.28
49,BIG SPRING 2,49,31.9361,-101.2983,0.178,0.178
50,KERMIT,50,31.696251,-103.138992,0.113,0.113
51,PECOS,51,31.803547,-103.599914,3.27,3.27
52,SHEFFIELD,52,30.596998,-101.78453,0.066,0.066
53,MCCAMEY 2,53,31.1392,-102.2253,0.154,0.154
54,LAMESA,54,32.929648,-102.133506,0.85,0.85
55,GOLDSMITH,55,31.995,-102.828333,2.18,2.18
56,RALLS 2,56,33.658671,-101.531037,3.02,3.02
57,PARIS 3,57,33.683869,-95.344733,0.066,0.066
58,SAVOY,58,33.628143,-96.367605,0.062,0.062
59,HONEY GROVE,59,33.615167,-95.900109,0.092,0.092
60,MEMPHIS,60,34.857258,-100.512868,0.69,0.69
61,IOWA PARK,61,33.973297,-98.721096,0.024,0.024
62,VERNON 2,62,33.899813,-99.773497,1.95,1.95
63,PANHANDLE 2,63,35.238333,-101.310833,0.4,0.4
64,CHILDRESS,64,34.447226,-100.809848,1.18,1.18
65,FORESTBURG,65,33.471617,-97.445189,0.37,0.37
66,SHERMAN 3,66,33.627623,-96.767394,0.39,0.39
67,PANHANDLE 4,67,35.4275,-101.253056,0.077,0.077
68,WICHITA FALLS 6,68,33.943784,-98.523064,0.163,0.163
69,PARIS 2,69,33.6968,-95.5577,0.24,0.24
70,WICHITA FALLS 4,70,33.864515,-98.491046,3.26,3.26
71,WHEELER,71,35.830763,-100.765905,0.064,0.064
72,DEPORT,72,33.482646,-95.320088,0.26,0.26
73,WICHITA FALLS 3,73,34.004783,-98.388757,0.26,0.26
74,SILVERTON,74,34.457478,-101.287161,0.045,0.045
75,BONHAM,75,33.708311,-96.240654,4.97,4.97
76,MATADOR,76,33.710684,-100.384217,0.49,0.49
77,ARTHUR CITY,77,33.857868,-95.649137,0.128,0.128
78,LEONARD,78,33.44144,-96.179163,0.24,0.24
79,GORDONVILLE,79,33.830932,-96.839764,0.172,0.172
80,KNOX CITY,80,33.431837,-99.853667,7.8,7.8
81,WICHITA FALLS 7,81,33.894941,-98.54367,0.97,0.97
82,LINDSAY,82,33.615855,-97.310834,0.091,0.091
83,ECTOR,83,33.55352,-96.282897,0.08,0.08
84,SUNSET,84,33.455991,-97.751818,0.147,0.147
85,CLARKSVILLE,85,33.663063,-94.997258,0.34,0.34
86,PANHANDLE 3,86,35.386038,-101.578572,0.176,0.176
87,SADLER,87,33.737974,-96.839543,0.8,0.8
88,WHITESBORO,88,33.743893,-96.936121,1.98,1.98
89,SHEPPARD AFB,89,33.969523,-98.509016,0.02,0.02
90,POTTSBORO,90,33.800717,-96.725989,0.22,0.22
91,BELLS,91,33.623645,-96.427874,0.56,0.56
92,CROSBYTON,92,33.774479,-100.990114,0.06,0.06
93,ELECTRA,93,34.131688,-99.106624,0.44,0.44
94,PATTONVILLE,94,33.40225,-95.483203,0.31,0.31
95,HENRIETTA,95,33.75849,-98.202251,0.151,0.151
96,PANHANDLE 6,96,34.90076,-100.994549,0.07,0.07
97,BOWIE,97,33.520572,-97.95612,0.45,0.45
98,WICHITA FALLS 1,98,33.9133,-98.4931,0.35,0.35
99,WHITE DEER,99,35.4789,-101.2439,0.153,0.153
100,ROXTON,100,33.576823,-95.809701,0.33,0.33
101,VERNON 1,101,34.29,-99.364722,0.47,0.47
102,DENISON 2,102,33.770785,-96.604061,0.074,0.074
103,SUMNER,103,33.745236,-95.744327,1.21,1.21
104,GAINESVILLE,104,33.661583,-97.17635,0.022,0.022
105,ASPERMONT,105,33.183064,-100.245133,0.49,0.49
106,WICHITA FALLS 5,106,33.799085,-98.50984,0.26,0.26
107,WINDTHORST,107,33.512628,-98.457627,2.32,2.32
108,HOWE,108,33.450768,-96.742245,0.152,0.152
109,ARCHER 2,109,33.493056,-98.581944,0.25,0.25
110,COLLINSVILLE,110,33.537706,-96.906575,0.67,0.67
111,JAYTON,111,32.969722,-100.524167,0.049,0.049
112,MUENSTER 1,112,33.733006,-97.428406,0.084,0.084
113,PADUCAH,113,33.994322,-100.287247,0.27,0.27
114,NOCONA,114,33.793074,-97.963802,0.095,0.095
115,DODD CITY,115,33.615539,-96.072156,0.181,0.181
116,WICHITA FALLS 2,116,33.8625,-98.5894,0.084,0.084
117,MONTAGUE,117,33.626904,-97.687873,0.72,0.72
118,SPUR,118,33.341053,-100.714732,0.42,0.42
119,ARCHER 1,119,33.495278,-98.5,0.34,0.34
120,ANNONA,120,33.498221,-94.890845,0.099,0.099
121,SEYMOUR,121,33.621145,-99.243765,0.128,0.128
122,DENISON 1,122,33.727126,-96.470794,0.59,0.59
123,PANHANDLE 5,123,35.3503,-101.54,0.114,0.114
124,RALLS 1,124,33.661111,-101.39,0.42,0.42
125,SHERMAN 1,125,33.582573,-96.617893,0.56,0.56
126,WHITEWRIGHT,126,33.494577,-96.396115,0.28,0.28
127,SHERMAN 2,127,33.604131,-96.550405,0.44,0.44
128,ROCHESTER,128,33.322836,-99.642126,2.99,2.99
129,BURKBURNETT,129,34.103273,-98.622467,0.82,0.82
130,MUENSTER 2,130,33.682081,-97.382855,0.74,0.74
131,ARCHER CITY,131,33.527396,-98.884782,0.22,0.22
132,PETROLIA,132,34.008308,-98.25932,0.89,0.89
133,PARIS 1,133,33.6308,-95.59,0.33,0.33
134,BAGWELL,134,33.801868,-95.151966,0.21,0.21
135,TELEPHONE,135,33.778716,-95.996823,0.48,0.48
136,PANHANDLE 1,136,35.442778,-101.372778,2.14,2.14
137,VAN ALSTYNE,137,33.43566,-96.549913,0.39,0.39
138,TIOGA,138,33.464643,-96.892724,0.46,0.46
139,VALLEY VIEW,139,33.458028,-97.128552,0.86,0.86
140,MIAMI,140,35.653889,-100.538611,0.64,0.64
141,TRENTON,141,33.439125,-96.311485,0.091,0.091
142,HASKELL,142,33.122685,-99.650389,3.26,3.26
143,SAINT JO,143,33.741367,-97.535329,0.011,0.011
144,KERRVILLE,144,30.036701,-99.163039,2.53,2.53
145,SWEETWATER 4,145,32.3606,-100.3389,0.45,0.45
146,LEAKEY,146,29.64447,-99.682471,0.12,0.12
147,HAMLIN,147,32.857004,-100.124032,0.082,0.082
148,MERKEL 3,148,32.473621,-100.032723,0.38,0.38
149,COLEMAN,149,31.736902,-99.567791,0.29,0.29
150,SONORA,150,30.441414,-100.56062,0.46,0.46
151,CAMP WOOD,151,29.6747,-100.078588,0.061,0.061
152,LLANO,152,30.653746,-98.918266,0.69,0.69
153,WILLOW CITY,153,30.437069,-98.708714,0.09,0.09
154,ABILENE 4,154,32.335677,-99.667488,0.148,0.148
155,KINGSLAND,155,30.672818,-98.442748,0.83,0.83
156,ROSCOE 6,156,32.415212,-100.573539,0.191,0.191
157,BLACKWELL,157,32.1981,-100.2686,0.097,0.097
158,CHRISTOVAL,158,31.085435,-100.67882,0.035,0.035
159,LUEDERS,159,32.868619,-99.694492,0.29,0.29
160,COLORADO CITY,160,32.314505,-100.918356,0.4,0.4
161,STAMFORD,161,32.940911,-99.850964,0.31,0.31
162,ELDORADO,162,30.883539,-100.595464,0.49,0.49
163,SAN SABA,163,31.157093,-98.763991,0.097,0.097
164,ABILENE 2,164,32.6256,-99.4928,4.58,4.58
165,LOMETA,165,31.257224,-98.376742,0.71,0.71
166,SAN ANGELO 1,166,31.50972,-100.322075,0.199,0.199
167,TUSCOLA,167,32.274081,-99.826041,0.012,0.012
168,ABILENE 7,168,32.333551,-99.927724,0.031,0.031
169,SNYDER 1,169,32.7204,-100.9952,4.6,4.6
170,CHEROKEE,170,30.93982,-99.079893,0.36,0.36
171,RICHLAND SPRINGS,171,31.517913,-99.135467,0.154,0.154
172,ROSCOE 2,172,32.4694,-100.6664,0.27,0.27
173,BALLINGER,173,31.738576,-99.934162,0.086,0.086
174,SILVER,174,32.05,-100.6917,0.157,0.157
175,ROSCOE 5,175,32.3122,-100.5303,0.76,0.76
176,ANSON,176,32.747863,-99.905394,0.033,0.033
177,DEL RIO,177,29.83722,-101.212436,3.84,3.84
178,HUNT,178,30.095115,-99.628211,0.33,0.33
179,WINGATE,179,32.214024,-100.05712,0.184,0.184
180,STERLING CITY 1,180,31.9261,-100.9281,0.124,0.124
181,ROSCOE 4,181,32.236944,-100.4833,0.6,0.6
182,BRADY,182,31.176951,-99.616412,0.098,0.098
183,TRENT 1,183,32.4301,-100.235652,0.44,0.44
184,OVALO,184,32.120249,-99.753027,0.014,0.014
185,NOLAN,185,32.2878,-100.1,0.57,0.57
186,MILES,186,31.592013,-100.192616,0.066,0.066
187,BRACKETTVILLE 2,187,29.234722,-100.209167,0.36,0.36
188,MASON,188,30.843122,-99.570053,0.34,0.34
189,BRACKETTVILLE 3,189,29.395621,-100.439985,0.126,0.126
190,ABILENE 6,190,32.362783,-99.817314,0.32,0.32
191,HERMLEIGH,191,32.5886,-100.6728,0.085,0.085
192,MERKEL 1,192,32.318221,-100.176986,0.24,0.24
193,LORAINE 1,193,32.4375,-100.7444,0.092,0.092
194,ABILENE 1,194,32.5144,-99.6564,0.082,0.082
195,ROCKSPRINGS,195,29.988092,-100.286076,0.084,0.084
196,MERKEL 2,196,32.311556,-100.061589,0.32,0.32
197,FLUVANNA 2,197,32.94793,-101.147784,4.26,4.26
198,DYESS AFB,198,32.415823,-99.90623,0.064,0.064
199,HAWLEY,199,32.630473,-99.830642,1.35,1.35
200,BUCHANAN DAM 2,200,30.936768,-98.467066,0.21,0.21
201,ABILENE 3,201,32.576489,-99.665323,0.024,0.024
202,SWEETWATER 5,202,32.291861,-100.210748,0.127,0.127
203,BUCHANAN DAM 1,203,30.731599,-98.385422,0.29,0.29
204,INGRAM,204,30.159136,-99.345011,2.27,2.27
205,KEMPNER,205,31.088158,-98.01069,14.7,14.7
206,FLUVANNA 1,206,32.92544,-101.219397,0.42,0.42
207,STERLING CITY 2,207,31.951944,-100.791389,0.53,0.53
208,SAN ANGELO 2,208,31.268843,-100.563525,0.4,0.4
209,ROTAN,209,32.891818,-100.498206,2.43,2.43
210,SYNDER,210,32.739294,-100.738949,0.58,0.58
211,BRACKETTVILLE 1,211,29.328889,-100.383889,0.07,0.07
212,ROSCOE 1,212,32.4969,-100.5797,0.47,0.47
213,UVALDE,213,29.151012,-100.01587,0.156,0.156
214,FREDERICKSBURG,214,30.280938,-98.876683,0.157,0.157
215,ABILENE 5,215,32.462235,-99.715894,0.22,0.22
216,SABINAL,216,29.303817,-99.630829,0.093,0.093
217,SWEETWATER 2,217,32.290833,-100.4219,0.047,0.047
218,LORAINE 2,218,32.404869,-100.711396,2.4,2.4
219,ROSCOE 3,219,32.3983,-100.6481,0.9,0.9
220,SAN ANGELO 3,220,31.802748,-101.055625,0.26,0.26
221,TUSOCOLA,221,32.303889,-100.021667,0.45,0.45
222,EDEN,222,31.222764,-99.896212,3.43,3.43
223,SNYDER 2,223,32.747058,-100.954661,0.073,0.073
224,SWEETWATER 1,224,32.4081,-100.1286,2.29,2.29
225,MENARD,225,30.897544,-100.107479,0.31,0.31
226,WINTERS,226,31.858516,-100.165338,0.018,0.018
227,GOLDSBORO,227,32.052075,-99.69465,0.43,0.43
228,SWEETWATER 3,228,32.3472,-100.3703,0.188,0.188
229,GOODFELLOW AFB,229,31.289523,-100.15267,4.23,4.23
230,SANTA ANNA,230,31.515316,-99.380601,0.46,0.46
231,ROWENA,231,31.411505,-99.682323,0.31,0.31
232,TRENT 2,232,32.664859,-100.212875,0.049,0.049
233,JUNCTION,233,30.45867,-100.06915,0.088,0.088
234,LAMPASAS,234,31.102377,-98.25934,0.34,0.34
235,LAUGHLIN A F B,235,29.358523,-100.777486,0.121,0.121
236,EDINBURG 3,236,26.450369,-98.276935,0.93,0.93
237,LAREDO 7,237,27.833509,-99.685482,0.085,0.085
238,BRUNI 2,238,27.36513,-98.996708,0.88,0.88
239,MCALLEN 2,239,26.215816,-98.239592,0.15,0.15
240,POTEET,240,29.079849,-98.642309,4.13,4.13
241,SARITA 3,241,27.0702,-97.5077,0.64,0.64
242,HEBBRONVILLE,242,27.100448,-98.789966,0.46,0.46
243,PROGRESO,243,26.083177,-97.96214,0.46,0.46
244,EDINBURG 2,244,26.280689,-98.183295,0.43,0.43
245,EAGLE PASS,245,28.476396,-100.276888,0.59,0.59
246,CHARLOTTE,246,28.790915,-98.717634,1.49,1.49
247,CORPUS CHRISTI 4,247,27.627121,-97.269242,0.72,0.72
248,WOODSBORO,248,28.187086,-97.382251,0.094,0.094
249,MERCEDES,249,26.148831,-97.831112,0.31,0.31
250,CORPUS CHRISTI 16,250,27.65787,-97.479816,0.156,0.156
251,EDCOUCH,251,26.374541,-97.98028,0.172,0.172
252,ENCINAL,252,28.041684,-99.399193,0.59,0.59
253,MOORE,253,28.941736,-98.851298,1.94,1.94
254,CHRISTINE,254,28.7044,-98.4775,0.042,0.042
255,MCALLEN 3,255,26.162344,-98.2487,0.14,0.14
256,FANNIN,256,28.7128,-97.214167,0.081,0.081
257,SAN YGNACIO,257,27.128233,-99.33083,0.29,0.29
258,KINGSVILLE,258,27.444204,-97.865597,0.23,0.23
259,LAREDO 6,259,27.513811,-99.502143,0.49,0.49
260,HIDALGO,260,26.111189,-98.241746,0.076,0.076
261,CORPUS CHRISTI 18,261,27.838247,-97.596306,0.59,0.59
262,CRYSTAL CITY,262,28.888748,-99.562652,0.4,0.4
263,SINTON,263,28.121597,-97.553013,0.017,0.017
264,BEEVILLE,264,28.407712,-97.71062,0.92,0.92
265,MISSION 4,265,26.228735,-98.376166,0.41,0.41
266,SAN JUAN,266,26.144539,-98.121312,0.29,0.29
267,FALCON HEIGHTS 2,267,26.678196,-99.103088,0.29,0.29
268,FALCON HEIGHTS 1,268,26.5575,-99.1642,0.39,0.39
269,LA JOYA,269,26.242813,-98.494493,0.079,0.079
270,SEBASTIAN 2,270,26.33072,-97.5857,0.32,0.32
271,BISHOP,271,27.5697,-97.8228,2.72,2.72
272,ARMSTRONG 2,272,26.911014,-97.773774,0.49,0.49
273,SKIDMORE,273,28.246189,-97.650894,0.121,0.121
274,CORPUS CHRISTI 9,274,27.819419,-97.392456,0.39,0.39
275,GREGORY,275,27.88929,-97.258417,0.097,0.097
276,CORPUS CHRISTI 2,276,27.8322,-97.5281,0.2,0.2
277,WESLACO,277,26.158622,-97.989155,0.81,0.81
278,HARLINGEN 1,278,26.255523,-97.667502,0.126,0.126
279,ELSA,279,26.307831,-98.039361,0.173,0.173
280,CORPUS CHRISTI 17,280,27.771237,-97.518791,0.197,0.197
281,BROWNSVILLE 2,281,25.943923,-97.317944,0.3,0.3
282,CORPUS CHRISTI 10,282,27.768021,-97.399135,0.29,0.29
283,MISSION 1,283,26.208,-98.3992,4.42,4.42
284,CORPUS CHRISTI 8,284,27.729894,-97.385247,0.24,0.24
285,MISSION 3,285,26.318913,-98.370054,0.67,0.67
286,CORPUS CHRISTI 3,286,27.6064,-97.3117,3.99,3.99
287,RIO HONDO,287,26.261363,-97.489015,0.49,0.49
288,CORPUS CHRISTI 5,288,27.695151,-97.269443,0.52,0.52
289,PHARR,289,26.149684,-98.189714,0.32,0.32
290,SANTA ROSA 1,290,26.269683,-97.867012,0.46,0.46
291,ODEM,291,27.962924,-97.679027,0.27,0.27
292,CORPUS CHRISTI 13,292,27.77425,-97.438774,0.066,0.066
293,LAREDO 3,293,27.556989,-99.267161,0.48,0.48
294,OLMITO,294,26.02176,-97.526109,2.79,2.79
295,EDINBURG 1,295,26.451477,-98.092002,0.119,0.119
296,TAFT 2,296,27.9386,-97.4586,2.99,2.99
297,PORT ISABEL,297,26.051625,-97.312767,0.148,0.148
298,DONNA,298,26.1619,-98.058657,0.076,0.076
299,INGLESIDE,299,27.867937,-97.202971,2.73,2.73
300,CORPUS CHRISTI 11,300,27.683277,-97.406289,0.35,0.35
301,LOS FRESNOS,301,26.235,-97.271778,0.24,0.24
302,HARLINGEN 2,302,26.252832,-97.743596,0.49,0.49
303,RIVIERA,303,27.139147,-97.90137,0.27,0.27
304,LAREDO 1,304,27.5667,-99.5089,2.86,2.86
305,JOURDANTON,305,28.764536,-98.48596,0.142,0.142
306,GEORGE WEST,306,28.257475,-98.143051,0.189,0.189
307,ROMA,307,26.53255,-99.112986,0.092,0.092
308,CORPUS CHRISTI 12,308,27.752006,-97.436501,0.41,0.41
309,SANTA MARIA,309,26.052713,-97.740451,0.82,0.82
310,MCALLEN 1,310,26.271965,-98.23657,0.187,0.187
311,CORPUS CHRISTI 7,311,27.662514,-97.371365,0.38,0.38
312,FALFURRIAS,312,26.880517,-98.216213,0.145,0.145
313,PETTUS,313,28.5409,-97.957001,0.065,0.065
314,BROWNSVILLE 3,314,25.988942,-97.443582,0.199,0.199
315,ALICE,315,27.65992,-98.07572,0.4,0.4
316,RIO GRANDE CITY,316,26.582929,-98.521632,0.38,0.38
317,PREMONT,317,27.634419,-98.496692,0.41,0.41
318,FREER,318,27.835918,-98.62897,0.193,0.193
319,PEARSALL,319,28.9275,-99.0919,0.21,0.21
320,SANDIA,320,28.093161,-97.962915,0.141,0.141
321,SARITA 1,321,27.223056,-97.789167,0.097,0.097
322,DILLEY,322,28.703396,-99.191188,0.42,0.42
323,ORANGE GROVE,323,27.986244,-98.060187,0.11,0.11
324,PORTLAND,324,27.892132,-97.384238,0.85,0.85
325,LAREDO 4,325,27.373543,-99.350596,0.21,0.21
326,THREE RIVERS,326,28.310347,-98.573186,0.022,0.022
327,ROCKPORT,327,28.120701,-97.19689,0.065,0.065
328,CORPUS CHRISTI 15,328,27.73963,-97.46682,0.42,0.42
329,ARMSTRONG 1,329,27.0011,-97.5994,0.85,0.85
330,PENITAS,330,26.321607,-98.476164,0.129,0.129
331,SULLIVAN CITY,331,26.253727,-98.567191,0.013,0.013
332,CORPUS CHRISTI 6,332,27.703573,-97.345045,0.86,0.86
333,MISSION 2,333,26.296434,-98.299977,0.99,0.99
334,CORPUS CHRISTI 1,334,27.8139,-97.4283,0.66,0.66
335,GRULLA,335,26.274827,-98.654824,0.095,0.095
336,SARITA 2,336,27.1197,-97.5499,0.147,0.147
337,HARGILL,337,26.477435,-97.921496,0.111,0.111
338,CORPUS CHRISTI 14,338,27.810698,-97.440395,0.166,0.166
339,MATHIS,339,28.103247,-97.808031,3.64,3.64
340,ARANSAS PASS,340,27.873028,-97.092196,0.46,0.46
341,SAN BENITO,341,26.106086,-97.629292,0.79,0.79
342,PLEASANTON,342,28.935779,-98.428996,0.07,0.07
343,REFUGIO,343,28.291147,-96.899059,0.164,0.164
344,LYTLE,344,29.203679,-98.776694,0.076,0.076
345,LAREDO 2,345,27.751747,-99.126085,0.063,0.063
346,BRUNI 1,346,27.576111,-98.905278,0.73,0.73
347,GOLIAD,347,28.568278,-97.579237,0.49,0.49
348,SAN DIEGO,348,27.849558,-98.385775,0.48,0.48
349,PORT ARANSAS,349,27.777437,-97.114983,0.31,0.31
350,TAFT 1,350,27.9958,-97.2967,0.066,0.066
351,SAN PERLITA,351,26.475278,-97.691111,0.131,0.131
352,ZAPATA,352,26.930929,-99.162765,0.47,0.47
353,SANTA ROSA 2,353,26.345257,-97.794892,0.89,0.89
354,COTULLA,354,28.293173,-99.214344,0.191,0.191
355,QUEMADO,355,28.951173,-100.593386,0.21,0.21
356,CARRIZO SPRINGS,356,28.524903,-99.50848,3.1,3.1
357,LAREDO 5,357,27.545404,-99.461989,0.61,0.61
358,RAYMONDVILLE,358,26.569308,-97.442331,4.58,4.58
359,BROWNSVILLE 1,359,25.9131,-97.5214,0.39,0.39
360,LEMING,360,29.070547,-98.48181,0.155,0.155
361,SEBASTIAN 1,361,26.34892,-97.6668,0.35,0.35
362,GARLAND 5,362,32.911702,-96.674838,0.131,0.131
363,KERENS,363,32.158265,-96.329632,0.23,0.23
364,LIPAN,364,32.527015,-98.008849,0.25,0.25
365,DALLAS 24,365,32.969699,-96.797334,4.71,4.71
366,DENTON 4,366,33.231569,-97.109882,0.092,0.092
367,ALBANY 2,367,32.790131,-99.24184,0.43,0.43
368,DALLAS 21,368,32.864887,-96.790359,0.169,0.169
369,PLANO 2,369,33.031561,-96.673164,0.092,0.092
370,THORNTON,370,31.299588,-96.608952,0.083,0.083
371,DENTON 5,371,33.220974,-97.146038,0.019,0.019
372,EARLY,372,31.842565,-98.805134,0.122,0.122
373,DECATUR,373,33.276319,-97.514178,0.68,0.68
374,KELLER 2,374,32.928037,-97.283914,0.64,0.64
375,PONDER,375,33.198704,-97.311628,0.57,0.57
376,JACKSBORO 1,376,33.06797,-98.337652,0.96,0.96
377,ALEDO 1,377,32.7206,-97.5142,0.4,0.4
378,GATESVILLE 4,378,31.417256,-97.755604,0.115,0.115
379,CLEBURNE 2,379,32.276663,-97.508356,0.16,0.16
380,FORT WORTH 14,380,32.639029,-97.335106,0.26,0.26
381,FORT WORTH 23,381,32.667305,-97.416615,0.127,0.127
382,FORT WORTH 1,382,32.823978,-97.048681,0.163,0.163
383,TROY,383,31.195905,-97.265253,0.14,0.14
384,SPRINGTOWN,384,32.853068,-97.6966,0.189,0.189
385,PRINCETON,385,33.151747,-96.483157,0.179,0.179
386,DALLAS 27,386,32.746823,-96.802681,0.083,0.083
387,DALLAS 1,387,32.648611,-96.644444,0.163,0.163
388,ROYSE CITY,388,32.945503,-96.375325,0.134,0.134
389,BOYD,389,33.041942,-97.597083,0.36,0.36
390,STEPHENVILLE,390,32.282235,-98.196717,0.178,0.178
391,MANSFIELD,391,32.503973,-97.188374,0.143,0.143
392,GREENVILLE 1,392,33.1707,-96.1264,0.79,0.79
393,PLANO 4,393,33.090085,-96.740008,0.29,0.29
394,GROESBECK,394,31.503056,-96.520013,4.84,4.84
395,GRAHAM,395,33.1344,-98.6117,0.069,0.069
396,MABANK 2,396,32.277759,-96.105332,0.28,0.28
397,ARLINGTON 1,397,32.775093,-97.14209,0.24,0.24
398,DALLAS 41,398,32.781246,-96.878831,0.22,0.22
399,WACO 3,399,31.576824,-97.127249,0.039,0.039
400,DALLAS 19,400,32.997373,-96.788213,0.38,0.38
401,BANGS,401,31.706204,-99.151374,0.082,0.082
402,PROSPER,402,33.241902,-96.807989,0.143,0.143
403,EVANT,403,31.553908,-98.049081,0.121,0.121
404,TERRELL 1,404,32.738471,-96.169166,0.079,0.079
405,AUBREY,405,33.273449,-96.990119,2.23,2.23
406,WACO 4,406,31.513756,-97.152983,0.27,0.27
407,LORENA,407,31.268644,-97.202495,0.07,0.07
408,FORT HOOD,408,31.143642,-97.761047,0.098,0.098
409,ARLINGTON 5,409,32.692105,-97.086517,0.38,0.38
410,MCKINNEY 3,410,33.172033,-96.69627,0.86,0.86
411,DALLAS 38,411,32.665618,-96.873056,0.44,0.44
412,ARLINGTON 9,412,32.719328,-97.155028,0.38,0.38
413,MILFORD,413,32.137513,-96.99247,0.097,0.097
414,CLIFTON 1,414,31.8694,-97.3667,0.31,0.31
415,DALLAS 15,415,32.831279,-96.771191,0.02,0.02
416,FROST,416,32.038687,-96.807932,0.07,0.07
417,GRANDVIEW,417,32.280923,-97.16076,0.24,0.24
418,HASLET,418,32.986624,-97.377255,0.38,0.38
419,BARDWELL,419,32.211123,-96.752827,0.187,0.187
420,LAKE DALLAS,420,33.110351,-97.005469,0.42,0.42
421,PLANO 1,421,33.021793,-96.615482,0.32,0.32
422,EULESS 2,422,32.814107,-97.091323,0.48,0.48
423,FORT WORTH 24,423,32.581858,-97.420575,0.164,0.164
424,FLOWER MOUND 2,424,33.03489,-97.124906,0.43,0.43
425,DALLAS 11,425,32.770635,-96.746362,1.93,1.93
426,COMANCHE,426,31.891101,-98.614553,0.78,0.78
427,RICHARDSON 2,427,32.976063,-96.74208,3.33,3.33
428,FORT WORTH 8,428,32.620058,-97.274934,0.015,0.015
429,IRVING 1,429,32.9192,-96.9894,0.63,0.63
430,DALLAS 44,430,32.636077,-96.964622,0.76,0.76
431,LANCASTER 1,431,32.562744,-96.752161,0.128,0.128
432,PALO PINTO 2,432,32.764096,-98.276879,2.37,2.37
433,ADDISON,433,32.960047,-96.838522,0.26,0.26
434,HICO,434,32.001481,-97.8826,0.116,0.116
435,KRUM,435,33.278823,-97.302309,0.39,0.39
436,KAUFMAN,436,32.568801,-96.255103,0.08,0.08
437,CADDO MILLS,437,33.066284,-96.222134,0.04,0.04
438,PLANO 7,438,33.034225,-96.811607,0.183,0.183
439,FORT WORTH 5,439,32.691147,-97.262625,0.194,0.194
440,BAIRD,440,32.341152,-99.198272,0.23,0.23
441,PERRIN,441,33.014983,-98.053654,0.131,0.131
442,BROWNWOOD,442,31.748303,-99.032891,0.098,0.098
443,DALLAS 6,443,32.841987,-96.702574,0.35,0.35
444,MARLIN,444,31.202394,-96.814239,1.33,1.33
445,ARLINGTON 6,445,32.784952,-97.100052,0.089,0.089
446,DALLAS 8,446,32.912633,-96.736637,4.48,4.48
447,JONESBORO,447,31.769003,-97.804426,0.159,0.159
448,DALLAS 33,448,32.753141,-96.839613,0.56,0.56
449,GOLDTHWAITE 2,449,31.627357,-98.546717,0.99,0.99
450,PLANO 5,450,33.021268,-96.741558,1.53,1.53
451,BELTON,451,31.051688,-97.499909,0.53,0.53
452,TOLAR,452,32.362649,-97.924354,0.26,0.26
453,BRECKENRIDGE,453,32.804272,-98.892466,1.61,1.61
454,EASTLAND,454,32.495875,-98.66402,0.155,0.155
455,COOPER,455,33.462218,-95.757461,0.36,0.36
456,WACO 1,456,31.475671,-97.083854,0.47,0.47
457,DALLAS 42,457,32.923189,-96.891721,0.56,0.56
458,GATESVILLE 1,458,31.486416,-97.706884,0.37,0.37
459,ANNA,459,33.321734,-96.378479,4.68,4.68
460,MOODY,460,31.285086,-97.390061,0.69,0.69
461,FORT WORTH 2,461,32.775915,-97.180963,0.53,0.53
462,WACO 6,462,31.627123,-97.215893,0.23,0.23
463,GRAND PRAIRIE 1,463,32.72944,-96.996462,4.6,4.6
464,ROWLETT 2,464,32.938077,-96.556367,0.82,0.82
465,PLANO 6,465,33.075422,-96.802686,2.57,2.57
466,IRVING 5,466,32.874833,-96.996735,0.167,0.167
467,DALLAS 7,467,32.878497,-96.707819,0.127,0.127
468,BRYSON 2,468,33.276426,-98.382374,0.168,0.168
469,MORGAN,469,31.988989,-97.52976,0.42,0.42
470,SACHSE,470,32.969008,-96.580883,0.21,0.21
471,PARADISE,471,33.098727,-97.723422,0.093,0.093
472,RIO VISTA,472,32.108512,-97.395815,0.087,0.087
473,STRAWN,473,32.759373,-98.666449,0.197,0.197
474,MAY,474,31.931233,-98.927404,0.154,0.154
475,DESOTO,475,32.599427,-96.864075,5.6,5.6
476,MESQUITE 2,476,32.771707,-96.616717,4.52,4.52
477,ROSEBUD,477,31.082267,-96.953514,0.28,0.28
478,DENTON 2,478,33.208811,-97.055133,0.25,0.25
479,DALLAS 4,479,32.824924,-96.679438,1.95,1.95
480,AXTELL,480,31.661047,-96.955129,0.23,0.23
481,NOLANVILLE,481,31.075955,-97.604369,0.32,0.32
482,DENTON 1,482,33.1975,-97.1061,0.019,0.019
483,DALLAS 39,483,32.868529,-96.876118,0.165,0.165
484,DUBLIN 1,484,32.338611,-98.476111,0.38,0.38
485,MERTENS,485,32.043976,-96.91458,0.024,0.024
486,WEATHERFORD 1,486,32.682733,-97.782298,0.28,0.28
487,PLANO 3,487,33.056756,-96.730831,0.172,0.172
488,MALONE,488,31.924604,-96.904503,0.078,0.078
489,DENTON 3,489,33.149467,-97.096016,0.24,0.24
490,GRAFORD,490,32.904994,-98.324274,0.027,0.027
491,ARLINGTON 8,491,32.635563,-97.148829,0.63,0.63
492,ROCKWALL 1,492,32.851681,-96.43617,0.33,0.33
493,CORSICANA 2,493,32.057938,-96.632547,0.163,0.163
494,GARLAND 2,494,32.928902,-96.619782,0.083,0.083
495,GATESVILLE 2,495,31.476579,-97.728745,0.45,0.45
496,CARROLLTON 3,496,32.962473,-96.89817,0.33,0.33
497,FORT WORTH 26,497,32.775409,-97.435599,0.1,0.1
498,RHOME,498,33.093365,-97.462793,0.31,0.31
499,VENUS,499,32.426322,-97.090328,0.142,0.142
500,OLNEY 2,500,33.250203,-98.925556,0.28,0.28
501,CARROLLTON 1,501,33.050164,-96.87454,0.27,0.27
502,DALLAS 20,502,32.802132,-96.788852,0.92,0.92
503,GORDON,503,32.587603,-98.333604,0.87,0.87
504,MERIDIAN,504,31.916215,-97.710123,0.088,0.088
505,KILLEEN 4,505,30.936006,-97.934579,0.138,0.138
506,DUNCANVILLE 1,506,32.66066,-96.911882,0.178,0.178
507,ARGYLE,507,33.114675,-97.173782,0.39,0.39
508,BRYSON 1,508,33.205801,-98.365069,0.91,0.91
509,FORT WORTH 12,509,32.759104,-97.329756,0.117,0.117
510,MINERAL WELLS,510,32.799602,-98.126806,3.24,3.24
511,COOLIDGE,511,31.661096,-96.760043,0.173,0.173
512,RICE,512,32.229113,-96.475509,0.44,0.44
513,DALLAS 35,513,32.999309,-96.841688,0.29,0.29
514,POOLVILLE,514,33.0583,-97.9103,0.013,0.013
515,WALNUT SPRINGS,515,32.083522,-97.736712,0.27,0.27
516,BEDFORD 2,516,32.830658,-97.145157,4.46,4.46
517,HUBBARD,517,31.848506,-96.807276,0.86,0.86
518,FERRIS,518,32.439873,-96.678049,0.38,0.38
519,GARLAND 4,519,32.880196,-96.651555,0.172,0.172
520,DALLAS 32,520,32.711405,-96.838591,0.124,0.124
521,PILOT POINT,521,33.371246,-96.933242,3.5,3.5
522,FORT WORTH 6,522,32.724047,-97.269432,0.32,0.32
523,NORTH RICHLAND HILLS 2,523,32.840011,-97.225295,3.72,3.72
524,JUSTIN,524,33.099993,-97.340499,0.161,0.161
525,SCURRY,525,32.464756,-96.43952,0.135,0.135
526,SANGER,526,33.373051,-97.213359,0.196,0.196
527,KILLEEN 1,527,31.149208,-97.633196,0.56,0.56
528,MABANK 1,528,32.436676,-96.079558,0.137,0.137
529,MEXIA,529,31.654919,-96.468137,1.73,1.73
530,CARROLLTON 2,530,33.005262,-96.896742,0.38,0.38
531,NEVADA,531,33.061789,-96.393331,0.41,0.41
532,ZEPHYR,532,31.686677,-98.776277,0.061,0.061
533,TERRELL 2,533,32.758408,-96.301323,0.95,0.95
534,DALLAS 14,534,32.665447,-96.759451,0.162,0.162
535,DALLAS 13,535,32.750602,-96.756846,0.115,0.115
536,DALLAS 28,536,32.811847,-96.812903,0.069,0.069
537,HAMILTON,537,31.686814,-98.187029,0.151,0.151
538,ARLINGTON 7,538,32.692186,-97.133304,0.76,0.76
539,EULESS 1,539,32.860285,-97.086028,0.1,0.1
540,FRISCO 1,540,33.163129,-96.790192,0.26,0.26
541,SALADO,541,30.925736,-97.59865,0.122,0.122
542,OLNEY 1,542,33.383611,-98.711944,0.183,0.183
543,GOLDTHWAITE 1,543,31.383333,-98.466667,0.131,0.131
544,FORT WORTH 22,544,32.70065,-97.386965,0.24,0.24
545,GRAPEVINE,545,32.925765,-97.071545,0.142,0.142
546,GLEN ROSE 2,546,32.208483,-97.795247,0.076,0.076
547,KOPPERL,547,32.117538,-97.575601,0.112,0.112
548,BEDFORD 1,548,32.852971,-97.130443,0.28,0.28
549,FORT WORTH 29,549,32.787009,-97.523856,0.41,0.41
550,DALLAS 5,550,32.767119,-96.689321,0.176,0.176
551,GRAND PRAIRIE 2,551,32.776671,-97.009389,0.158,0.158
552,DALLAS 22,552,32.902679,-96.793393,0.41,0.41
553,FLOWER MOUND 1,553,33.03271,-97.06007,0.28,0.28
554,ROANOKE,554,33.009335,-97.22672,1.22,1.22
555,MILLSAP,555,32.704456,-97.993148,0.67,0.67
556,FORRESTON,556,32.237512,-96.842324,0.073,0.073
557,ITALY,557,32.177712,-96.85118,0.01,0.01
558,FORNEY,558,32.743178,-96.4549,0.41,0.41
559,LAVON,559,33.012652,-96.454083,0.41,0.41
560,GLEN ROSE 1,560,32.298365,-97.785515,0.135,0.135
561,DE LEON,561,32.298594,-98.552257,0.95,0.95
562,KELLER 1,562,32.924009,-97.225148,0.41,0.41
563,CEDAR HILL,563,32.580181,-96.964675,2.97,2.97
564,MC GREGOR,564,31.409518,-97.531134,0.39,0.39
565,COMMERCE,565,33.316269,-95.788968,0.51,0.51
566,MIDLOTHIAN 2,566,32.469267,-96.99071,0.39,0.39
567,WEST,567,31.816191,-97.243292,0.62,0.62
568,BARTLETT,568,30.789254,-97.291628,3,3
569,DALLAS 16,569,32.792496,-96.772763,0.91,0.91
570,COPPELL,570,32.963417,-96.984664,0.186,0.186
571,WILMER,571,32.605192,-96.674333,0.69,0.69
572,DAWSON,572,31.866953,-96.655804,0.189,0.189
573,MART,573,31.560995,-96.802449,0.062,0.062
574,LITTLE ELM,574,33.176495,-96.950551,0.022,0.022
575,TEMPLE 2,575,31.075303,-97.252433,0.37,0.37
576,TEMPLE 1,576,31.055833,-97.317222,0.167,0.167
577,QUINLAN,577,32.924709,-96.113355,0.81,0.81
578,CHICO,578,33.315883,-97.857678,0.9,0.9
579,DUBLIN 2,579,32.075301,-98.34862,0.176,0.176
580,ARLINGTON 2,580,32.59121,-97.039429,0.85,0.85
581,WOLFE CITY,581,33.420872,-95.945707,0.22,0.22
582,DALLAS 26,582,32.944622,-96.801792,0.34,0.34
583,WHITNEY,583,31.959701,-97.330421,0.98,0.98
584,FORT WORTH 25,584,32.913522,-97.433835,0.99,0.99
585,FORT WORTH 27,585,32.847326,-97.482178,0.43,0.43
586,JOSHUA,586,32.425936,-97.539874,0.136,0.136
587,DALLAS 12,587,32.873485,-96.747539,0.79,0.79
588,MCKINNEY 1,588,33.166944,-96.601666,0.39,0.39
589,ALLEN 1,589,33.089587,-96.607767,0.42,0.42
590,ALEDO 2,590,32.695708,-97.631482,0.22,0.22
591,THE COLONY,591,33.070292,-96.912391,0.95,0.95
592,SUNNYVALE,592,32.80051,-96.547563,2.88,2.88
593,DALLAS 10,593,32.828651,-96.745951,0.53,0.53
594,FORT WORTH 4,594,32.868421,-97.252132,0.082,0.082
595,DALLAS 30,595,32.84831,-96.825474,0.151,0.151
596,AZLE,596,32.900196,-97.561179,0.143,0.143
597,HUTCHINS,597,32.63852,-96.695516,0.85,0.85
598,VALLEY MILLS,598,31.662159,-97.506079,0.31,0.31
599,DENTON 6,599,33.227695,-97.183844,0.83,0.83
600,MESQUITE 3,600,32.817309,-96.630277,0.194,0.194
601,GRANBURY 1,601,32.33422,-97.731686,0.34,0.34
602,DALLAS 2,602,32.7231,-96.9358,0.9,0.9
603,MOUNT CALM,603,31.751192,-96.891872,0.127,0.127
604,RIESEL 2,604,31.354734,-97.012872,1.77,1.77
605,DALLAS 17,605,32.711324,-96.781215,4.94,4.94
606,ARLINGTON 4,606,32.754272,-97.083196,0.78,0.78
607,CELINA,607,33.338899,-96.752977,0.58,0.58
608,FORT WORTH 16,608,32.881807,-97.345955,0.67,0.67
609,RED OAK,609,32.521773,-96.807315,0.41,0.41
610,CLYDE,610,32.2664,-99.518879,2.26,2.26
611,IRVING 2,611,32.885259,-96.942108,0.128,0.128
612,ROWLETT 1,612,32.897846,-96.550385,3.03,3.03
613,JACKSBORO 2,613,33.219585,-98.188154,0.46,0.46
614,GRANBURY 3,614,32.56207,-97.631011,3.94,3.94
615,SOUTHLAKE,615,32.959922,-97.148582,0.41,0.41
616,DALLAS 29,616,32.786796,-96.819971,0.21,0.21
617,LEWISVILLE 1,617,33.068473,-96.963806,1.82,1.82
618,DALLAS 36,618,32.893295,-96.864339,0.032,0.032
619,HILLSBORO,619,32.022461,-97.133361,0.49,0.49
620,FORT WORTH 15,620,32.707831,-97.338265,0.088,0.088
621,CISCO,621,32.556004,-99.164736,4.43,4.43
622,ITASCA,622,32.162639,-97.1549,0.44,0.44
623,LANCASTER 2,623,32.617663,-96.778058,0.93,0.93
624,GARLAND 1,624,32.857617,-96.576325,0.137,0.137
625,DALLAS 9,625,32.792244,-96.744003,0.33,0.33
626,DUNCANVILLE 2,626,32.643212,-96.916468,0.144,0.144
627,MESQUITE 1,627,32.725663,-96.558988,0.23,0.23
628,MAYPEARL,628,32.302367,-97.037219,0.089,0.089
629,GARLAND 3,629,32.964607,-96.649686,0.172,0.172
630,ALLEN 2,630,33.114327,-96.693964,0.092,0.092
631,RIESEL 1,631,31.474378,-96.957149,0.76,0.76
632,BRIDGEPORT,632,33.1964,-97.9208,0.081,0.081
633,LEWISVILLE 2,633,33.081367,-97.061017,0.095,0.095
634,SEAGOVILLE,634,32.6058,-96.542308,0.34,0.34
635,DALLAS 31,635,32.925283,-96.8368,0.077,0.077
636,HALTOM CITY,636,32.803436,-97.267376,0.22,0.22
637,BALCH SPRINGS,637,32.716601,-96.620085,0.27,0.27
638,FORT WORTH 13,638,32.6785,-97.330511,0.038,0.038
639,DALLAS 43,639,32.676238,-96.936565,0.77,0.77
640,KILLEEN 2,640,31.112884,-97.729602,0.094,0.094
641,WACO 5,641,31.539723,-97.195009,0.068,0.068
642,FORT WORTH 9,642,32.859685,-97.291523,0.48,0.48
643,ENNIS,643,32.32,-96.675,0.121,0.121
644,DALLAS 3,644,32.710306,-96.678549,1.29,1.29
645,RICHARDSON 1,645,32.991557,-96.663063,0.198,0.198
646,FORT WORTH 21,646,32.742058,-97.38173,0.32,0.32
647,WACO 2,647,31.620954,-97.09851,0.128,0.128
648,ROGERS,648,30.940183,-97.227023,0.43,0.43
649,CHINA SPRING,649,31.693947,-97.325271,0.113,0.113
650,ALBANY 1,650,32.7683,-99.4228,0.094,0.094
651,MCKINNEY 2,651,33.245879,-96.631295,0.95,0.95
652,GRANBURY 2,652,32.403056,-97.700556,0.176,0.176
653,CLIFTON 2,653,31.817062,-97.546568,3.45,3.45
654,FARMERSVILLE,654,33.174219,-96.356004,1.38,1.38
655,ARLINGTON 10,655,32.689222,-97.18913,0.082,0.082
656,KILLEEN 3,656,31.009641,-97.746417,4.83,4.83
657,WYLIE,657,33.012135,-96.534936,2.63,2.63
658,PALO PINTO 1,658,32.6581,-98.3103,0.83,0.83
659,FORT WORTH 10,659,32.975361,-97.310486,0.163,0.163
660,JOSEPHINE,660,33.066219,-96.309004,0.23,0.23
661,LEWSIVILLE,661,33.019646,-96.961986,0.177,0.177
662,DALLAS 40,662,32.813576,-96.878036,0.139,0.139
663,KEMP,663,32.366686,-96.245039,2.27,2.27
664,WAXAHACHIE 2,664,32.360829,-96.915523,0.44,0.44
665,HURST,665,32.8172,-97.180586,0.138,0.138
666,FORT WORTH 18,666,32.816503,-97.359532,0.073,0.073
667,WEATHERFORD 2,667,32.754964,-97.791085,0.076,0.076
668,ROCKWALL 2,668,32.943901,-96.452875,0.45,0.45
669,WEATHERFORD 3,669,32.848403,-97.903219,0.29,0.29
670,FORT WORTH 3,670,32.747426,-97.217658,4.57,4.57
671,NEWARK,671,33.00085,-97.444409,0.14,0.14
672,SANTO,672,32.600503,-98.17276,0.69,0.69
673,DALLAS 18,673,32.930338,-96.787496,3.35,3.35
674,ELM MOTT,674,31.696619,-97.073707,0.99,0.99
675,FORT WORTH 17,675,32.7811,-97.354585,1.48,1.48
676,WAXAHACHIE 1,676,32.372201,-96.784944,0.098,0.098
677,ARLINGTON 3,677,32.722844,-97.080239,0.181,0.181
678,FORT WORTH 20,678,32.652918,-97.379538,0.33,0.33
679,FORT WORTH 7,679,32.749099,-97.272957,0.5,0.5
680,FORT WORTH 11,680,32.728688,-97.317801,0.133,0.133
681,MIDLOTHIAN 1,681,32.4302,-97.0537,0.177,0.177
682,HEWITT,682,31.453501,-97.195339,0.169,0.169
683,ARLINGTON 11,683,32.639649,-97.217476,0.081,0.081
684,GRAND PRAIRIE 3,684,32.664953,-97.024692,0.99,0.99
685,MELISSA,685,33.285118,-96.566247,0.075,0.075
686,COPPERAS COVE,686,31.219045,-97.968224,0.03,0.03
687,CLEBURNE 1,687,32.392588,-97.32754,0.74,0.74
688,GREENVILLE 2,688,33.068454,-96.084274,0.087,0.087
689,ALVORD,689,33.372433,-97.669953,0.26,0.26
690,GORMAN,690,32.116953,-98.98514,0.89,0.89
691,COLLEYVILLE,691,32.891787,-97.149641,0.29,0.29
692,HOLLAND,692,30.884326,-97.378809,0.41,0.41
693,TEMPLE 3,693,31.137885,-97.373626,0.56,0.56
694,DALLAS 34,694,32.660862,-96.840948,0.062,0.062
695,IRVING 4,695,32.825907,-96.966915,0.34,0.34
696,FRISCO 2,696,33.146336,-96.856347,0.189,0.189
697,GATESVILLE 3,697,31.467983,-97.735272,0.38,0.38
698,DALLAS 25,698,32.787742,-96.79939,0.076,0.076
699,DALLAS 37,699,32.703913,-96.871889,0.43,0.43
700,FORT WORTH 19,700,32.708639,-97.363495,0.161,0.161
701,WOODWAY,701,31.529664,-97.260442,0.193,0.193
702,MINGUS,702,32.455408,-98.418168,0.116,0.116
703,THROCKMORTON,703,33.187712,-99.265034,0.072,0.072
704,NEMO,704,32.266222,-97.655141,0.011,0.011
705,ABBOTT,705,31.881728,-97.08541,0.25,0.25
706,ALVARADO,706,32.414944,-97.196367,0.155,0.155
707,CORSICANA 1,707,32.043193,-96.350943,1.18,1.18
708,HARKER HEIGHTS,708,31.050856,-97.644625,0.23,0.23
709,IRVING 3,709,32.796608,-96.954903,0.165,0.165
710,BURLESON,710,32.532666,-97.306547,4.43,4.43
711,FORT WORTH 28,711,32.63587,-97.503481,0.088,0.088
712,DALLAS 23,712,32.835893,-96.795514,0.184,0.184
713,NORTH RICHLAND HILLS 1,713,32.88659,-97.208384,0.24,0.24
714,CROSS PLAINS,714,32.006925,-99.290758,0.17,0.17
715,BLOOMING GROVE,715,32.122927,-96.723661,0.028,0.028
716,CONVERSE,716,29.487774,-98.291474,0.62,0.62
717,SAN ANTONIO 46,717,29.65235,-98.656213,0.28,0.28
718,BASTROP,718,30.1456,-97.2708,3.98,3.98
719,MARION 2,719,29.600453,-98.047576,0.154,0.154
720,PAIGE,720,30.303885,-97.218899,0.188,0.188
721,SAN ANTONIO 42,721,29.371436,-98.593411,0.173,0.173
722,WAELDER,722,29.700745,-97.301328,0.95,0.95
723,ATASCOSA,723,29.283035,-98.737267,0.26,0.26
724,SAN ANTONIO 40,724,29.460646,-98.571279,0.131,0.131
725,CIBOLO,725,29.575004,-98.220552,2.42,2.42
726,AUSTIN 6,726,30.242354,-97.6592,0.72,0.72
727,AUSTIN 25,727,30.293268,-97.76605,0.62,0.62
728,HORSESHOE BAY,728,30.5309,-98.377752,0.044,0.044
729,LEANDER 1,729,30.562551,-97.907897,0.046,0.046
730,AUSTIN 10,730,30.304265,-97.685722,1.27,1.27
731,SAN ANTONIO 31,731,29.590028,-98.525262,0.68,0.68
732,SAN ANTONIO 49,732,29.341337,-98.705628,0.196,0.196
733,ELGIN,733,30.338584,-97.361224,0.049,0.049
734,AUSTIN 31,734,30.216168,-97.856006,0.31,0.31
735,RUNGE,735,28.952237,-97.887161,4.81,4.81
736,YOAKUM,736,29.202338,-97.076333,0.095,0.095
737,AUSTIN 37,737,30.319748,-97.958224,0.4,0.4
738,PFLUGERVILLE,738,30.438534,-97.59458,0.042,0.042
739,SAN ANTONIO 12,739,29.585862,-98.406811,2.02,2.02
740,AUSTIN 3,740,30.293424,-97.784408,0.34,0.34
741,SAN ANTONIO 48,741,29.462006,-98.676785,1.87,1.87
742,SAN ANTONIO 19,742,29.4151,-98.459123,0.29,0.29
743,SAN ANTONIO 2,743,29.5889,-98.6139,0.26,0.26
744,BERGHEIM,744,29.903262,-98.556446,0.29,0.29
745,NEW BRAUNFELS 2,745,29.696878,-98.070726,0.71,0.71
746,D HANIS,746,29.285285,-99.329182,0.77,0.77
747,SAN ANTONIO 24,747,29.697453,-98.486728,0.31,0.31
748,AUSTIN 7,748,30.382481,-97.673467,0.148,0.148
749,BRENHAM,749,30.215075,-96.410272,3.24,3.24
750,BERTRAM,750,30.773295,-98.04518,0.93,0.93
751,MARION 1,751,29.6244,-98.1419,0.197,0.197
752,LA GRANGE,752,29.9172,-96.7506,0.079,0.079
753,MARBLE FALLS 1,753,30.555288,-98.257593,0.062,0.062
754,ROUND ROCK 1,754,30.557044,-97.690286,0.24,0.24
755,WIMBERLEY,755,30.034449,-98.142776,0.42,0.42
756,GONZALES,756,29.476954,-97.448924,0.112,0.112
757,SAN ANTONIO 11,757,29.690514,-98.401812,0.31,0.31
758,SAN ANTONIO 14,758,29.627214,-98.427068,0.181,0.181
759,HUTTO,759,30.560042,-97.546124,0.54,0.54
760,LULING,760,29.69611,-97.470663,0.38,0.38
761,SAN ANTONIO 21,761,29.588638,-98.474585,0.093,0.093
762,AUSTIN 12,762,30.38798,-97.706853,0.094,0.094
763,SAN ANTONIO 15,763,29.460597,-98.438554,0.138,0.138
764,ADKINS,764,29.353553,-98.238308,4.6,4.6
765,WINCHESTER,765,30.0381,-96.9875,0.96,0.96
766,ROCKDALE 1,766,30.565871,-97.064032,0.096,0.096
767,NATALIA,767,29.1998,-98.842165,0.131,0.131
768,AUSTIN 20,768,30.270569,-97.742589,0.38,0.38
769,SAN ANTONIO 43,769,29.471464,-98.617755,0.169,0.169
770,SAN ANTONIO 5,770,29.556038,-98.360283,0.46,0.46
771,TAYLOR,771,30.465454,-97.384111,0.91,0.91
772,SMITHVILLE,772,30.013899,-97.182148,0.143,0.143
773,CEDAR PARK,773,30.503949,-97.8242,0.38,0.38
774,SAN ANTONIO 25,774,29.537264,-98.487882,0.84,0.84
775,HALLETTSVILLE,775,29.380036,-96.836189,0.26,0.26
776,AUSTIN 5,776,30.355657,-97.644682,0.34,0.34
777,NEW BRAUNFELS 3,777,29.758823,-98.190462,0.18,0.18
778,SUTHERLAND SPRINGS,778,29.293499,-98.057016,0.31,0.31
779,AUSTIN 34,779,30.178419,-97.888662,3.15,3.15
780,CAMERON,780,30.891129,-96.907601,0.166,0.166
781,SAN ANTONIO 35,781,29.305467,-98.531136,0.158,0.158
782,MEDINA,782,29.678291,-99.316592,0.139,0.139
783,MANCHACA,783,30.132806,-97.874687,0.019,0.019
784,SPRING BRANCH,784,29.89476,-98.390967,0.36,0.36
785,AUSTIN 19,785,30.32223,-97.740167,0.98,0.98
786,FLATONIA,786,29.727617,-97.15845,0.44,0.44
787,GRANGER,787,30.710857,-97.413885,0.193,0.193
788,FAYETTEVILLE,788,30.043016,-96.699188,0.084,0.084
789,GEORGETOWN 2,789,30.647924,-97.753177,0.48,0.48
790,AUSTIN 35,790,30.377889,-97.895023,0.37,0.37
791,PIPE CREEK,791,29.689692,-98.911216,0.26,0.26
792,RED ROCK,792,29.844013,-97.357996,2.72,2.72
793,JARRELL,793,30.818633,-97.502485,0.39,0.39
794,SAN ANTONIO 1,794,29.4289,-98.3433,0.47,0.47
795,SAN ANTONIO 36,795,29.545289,-98.556564,0.76,0.76
796,SCHULENBURG,796,29.686278,-96.933605,4.54,4.54
797,SAN ANTONIO 22,797,29.27828,-98.479052,0.162,0.162
798,DRIPPING SPRINGS,798,30.224134,-98.134815,0.25,0.25
799,SAN ANTONIO 26,799,29.200063,-98.492701,0.26,0.26
800,MARBLE FALLS 3,800,30.581216,-98.208732,0.74,0.74
801,BOERNE 1,801,29.747683,-98.65027,0.038,0.038
802,WASHINGTON,802,30.286936,-96.189365,0.46,0.46
803,SCHERTZ,803,29.547068,-98.262642,0.45,0.45
804,AUSTIN 8,804,30.269969,-97.683557,0.26,0.26
805,SEGUIN 1,805,29.593056,-97.973215,4.16,4.16
806,SAN ANTONIO 45,806,29.406624,-98.630303,0.084,0.084
807,SAN ANTONIO 52,807,29.357251,-98.886655,0.28,0.28
808,CUERO 2,808,29.097035,-97.282413,4.86,4.86
809,SAN ANTONIO 10,809,29.49163,-98.397127,0.23,0.23
810,AUSTIN 16,810,30.282173,-97.731003,0.17,0.17
811,AUSTIN 39,811,30.111915,-98.033573,0.36,0.36
812,SAN ANTONIO 51,812,29.537782,-98.734752,0.17,0.17
813,SAN ANTONIO 41,813,29.660485,-98.583454,0.168,0.168
814,LA VERNIA,814,29.350393,-98.10703,0.073,0.073
815,MANOR,815,30.339696,-97.523512,3.49,3.49
816,SAN ANTONIO 38,816,29.342535,-98.570052,0.174,0.174
817,GIDDINGS,817,30.167624,-96.923038,0.073,0.073
818,AUSTIN 32,818,30.268138,-97.86919,0.48,0.48
819,AUSTIN 38,819,30.261084,-97.959435,0.025,0.025
820,AUSTIN 30,820,30.430749,-97.840085,0.164,0.164
821,AUSTIN 28,821,30.418557,-97.802545,0.16,0.16
822,COLUMBUS,822,29.695979,-96.42546,0.121,0.121
823,SHINER,823,29.5649,-97.083825,0.155,0.155
824,SAN ANTONIO 3,824,29.6562,-98.33912,0.075,0.075
825,CALDWELL,825,30.541565,-96.676232,0.114,0.114
826,AUSTIN 18,826,30.126966,-97.739969,1.75,1.75
827,INDUSTRY,827,30.024253,-96.451051,0.181,0.181
828,DALE,828,29.940066,-97.568294,2.95,2.95
829,SAN ANTONIO 37,829,29.501708,-98.569451,0.27,0.27
830,SAN ANTONIO 18,830,29.43993,-98.458718,0.115,0.115
831,SAN ANTONIO 33,831,29.387986,-98.526019,0.114,0.114
832,MARTINDALE,832,29.659595,-97.785202,0.198,0.198
833,SAN ANTONIO 17,833,29.488906,-98.456235,0.75,0.75
834,SAN ANTONIO 23,834,29.44123,-98.480515,0.182,0.182
835,AUSTIN 29,835,30.16711,-97.823998,0.36,0.36
836,LEXINGTON,836,30.354823,-96.840158,2.45,2.45
837,LEANDER 2,837,30.449996,-97.971806,0.071,0.071
838,AUSTIN 15,838,30.429937,-97.717796,0.47,0.47
839,MICO,839,29.501055,-98.853494,0.62,0.62
840,MARBLE FALLS 2,840,30.556,-98.3384,0.166,0.166
841,AUSTIN 36,841,30.37835,-97.951209,0.184,0.184
842,LOCKHART,842,29.871471,-97.676772,1.37,1.37
843,AUSTIN 17,843,30.351538,-97.732571,0.58,0.58
844,SAN ANTONIO 13,844,29.538074,-98.415198,2.09,2.09
845,FALLS CITY,845,28.867033,-98.240425,0.69,0.69
846,AUSTIN 27,846,30.206844,-97.79742,0.119,0.119
847,AUSTIN 23,847,30.402654,-97.761064,0.64,0.64
848,SAN ANTONIO 27,848,29.464611,-98.493653,0.29,0.29
849,BLANCO,849,30.182914,-98.566548,0.43,0.43
850,AUSTIN 24,850,30.243032,-97.765081,0.144,0.144
851,SAN MARCOS,851,29.880162,-97.966164,0.36,0.36
852,BUDA,852,30.078514,-97.838012,0.55,0.55
853,DEL VALLE,853,30.150985,-97.607312,0.154,0.154
854,AUSTIN 4,854,30.297099,-97.617767,0.87,0.87
855,SAN ANTONIO 50,855,29.400889,-98.730674,0.061,0.061
856,BURLINGTON,856,31.020832,-97.12069,0.078,0.078
857,AUSTIN 13,857,30.230475,-97.714082,0.157,0.157
858,ELMENDORF,858,29.2567,-98.3825,0.64,0.64
859,SAN ANTONIO 6,859,29.518637,-98.362961,0.43,0.43
860,CANYON LAKE,860,29.971139,-98.228231,0.45,0.45
861,JOHNSON CITY,861,30.402261,-98.359569,0.81,0.81
862,YORKTOWN,862,28.857734,-97.428562,0.159,0.159
863,AUSTIN 2,863,30.2098,-97.6129,0.25,0.25
864,LACKLAND A F B,864,29.391283,-98.618734,0.28,0.28
865,LIBERTY HILL,865,30.69088,-97.941426,1.48,1.48
866,KENEDY,866,28.733411,-97.894958,0.68,0.68
867,CUERO 1,867,29.129714,-97.311236,0.026,0.026
868,SAN ANTONIO 20,868,29.395776,-98.464401,0.089,0.089
869,VON ORMY,869,29.243915,-98.622442,1.58,1.58
870,KYLE,870,29.904758,-97.807296,0.86,0.86
871,SEGUIN 2,871,29.54277,-97.937078,0.044,0.044
872,UNIVERSAL CITY,872,29.525969,-98.277499,0.169,0.169
873,SPICEWOOD,873,30.430044,-98.112655,0.45,0.45
874,SAINT HEDWIG,874,29.43659,-98.205116,1.76,1.76
875,SAN ANTONIO 16,875,29.345246,-98.443874,0.075,0.075
876,BOERNE 2,876,29.859217,-98.706275,0.167,0.167
877,SAN ANTONIO 32,877,29.422404,-98.525943,4.29,4.29
878,AUSTIN 26,878,30.348236,-97.768136,0.187,0.187
879,AUSTIN 21,879,30.492379,-97.748312,0.189,0.189
880,SAN ANTONIO 44,880,29.624725,-98.624048,0.23,0.23
881,CEDAR CREEK 1,881,30.1458,-97.55,3.75,3.75
882,NEW BRAUNFELS 1,882,29.7372,-98.0228,1.84,1.84
883,AUSTIN 11,883,30.331818,-97.704294,0.078,0.078
884,SAN ANTONIO 39,884,29.421133,-98.570938,0.15,0.15
885,HONDO,885,29.427375,-99.141134,0.25,0.25
886,SAN ANTONIO 4,886,29.474147,-98.348083,0.49,0.49
887,NEW ULM,887,29.806557,-96.686537,0.186,0.186
888,SAN ANTONIO 8,888,29.44665,-98.387361,0.198,0.198
889,AUSTIN 33,889,30.321025,-97.884751,2.31,2.31
890,BULVERDE,890,29.769466,-98.453225,0.87,0.87
891,GEORGETOWN 3,891,30.841795,-97.809699,0.067,0.067
892,SAN ANTONIO 9,892,29.418151,-98.394314,4.49,4.49
893,FLORESVILLE,893,29.073446,-98.080406,0.146,0.146
894,SAN ANTONIO 29,894,29.404404,-98.505028,0.146,0.146
895,SAN ANTONIO 7,895,29.35494,-98.371889,0.96,0.96
896,BUCKHOLTS,896,30.852653,-97.148898,2.11,2.11
897,SOMERVILLE,897,30.471301,-96.438114,0.099,0.099
898,WEIMAR,898,29.488624,-96.652467,0.132,0.132
899,COMFORT,899,29.972312,-98.904706,0.083,0.083
900,NORDHEIM,900,28.914138,-97.632623,0.34,0.34
901,AUSTIN 9,901,30.183798,-97.684275,0.46,0.46
902,AUSTIN 22,902,30.458396,-97.755344,0.062,0.062
903,HELOTES,903,29.609914,-98.746764,0.76,0.76
904,SAN ANTONIO 47,904,29.503453,-98.664636,0.09,0.09
905,BANDERA,905,29.707222,-99.095171,0.157,0.157
906,SAN ANTONIO 30,906,29.516401,-98.52303,0.135,0.135
907,ROCKDALE 2,907,30.700385,-96.83055,3.46,3.46
908,CEDAR CREEK 2,908,30.094098,-97.495104,0.87,0.87
909,NIXON,909,29.428917,-97.735834,0.123,0.123
910,CHAPPELL HILL,910,30.1223,-96.258442,0.92,0.92
911,ROUND ROCK 3,911,30.501747,-97.647206,3.61,3.61
912,AUSTIN 14,912,30.289963,-97.714696,0.54,0.54
913,OILTON,913,27.488056,-99.005278,0.27,0.27
914,AUSTIN 1,914,30.397351,-97.842586,0.24,0.24
915,SAN ANTONIO 28,915,29.634097,-98.497426,0.34,0.34
916,ROUND ROCK 2,916,30.543356,-97.64559,4.13,4.13
917,ROUND ROCK 4,917,30.534355,-97.725618,0.58,0.58
918,SAN ANTONIO 34,918,29.468413,-98.528889,0.084,0.084
919,DEVINE,919,29.135837,-99.168888,0.34,0.34
920,GEORGETOWN 1,920,30.659122,-97.618195,0.066,0.066
921,BURNET,921,30.800718,-98.283025,0.094,0.094
922,INEZ,922,28.83905,-96.889623,0.48,0.48
923,PASADENA 2,923,29.72475,-95.176479,1.91,1.91
924,PRAIRIE VIEW,924,30.086834,-95.990493,0.36,0.36
925,CONROE 1,925,30.28584,-95.312397,0.156,0.156
926,SIMONTON,926,29.687606,-95.95226,0.2,0.2
927,HOUSTON 80,927,29.97967,-95.572835,0.31,0.31
928,HOUSTON 1,928,29.8108,-95.2539,0.76,0.76
929,HOUSTON 9,929,29.832928,-95.14904,0.55,0.55
930,HOUSTON 73,930,29.815893,-95.522964,0.088,0.088
931,NURSERY,931,28.8947,-97.135,0.181,0.181
932,BACLIFF,932,29.507162,-94.987247,0.22,0.22
933,SPRING 1,933,30.100394,-95.356377,0.58,0.58
934,HOUSTON 72,934,29.652393,-95.521183,2.72,2.72
935,PORT LAVACA,935,28.5707,-96.8333,0.27,0.27
936,CONROE 5,936,30.307375,-95.438548,0.19,0.19
937,SUGAR LAND 3,937,29.670004,-95.708089,2.96,2.96
938,DAYTON,938,30.054436,-94.921994,4.23,4.23
939,VICTORIA 2,939,28.7883,-97.01,4.91,4.91
940,KATY 1,940,29.837561,-95.733756,0.042,0.042
941,MAGNOLIA 2,941,30.156257,-95.74926,0.08,0.08
942,HOUSTON 29,942,29.8634,-95.341409,0.138,0.138
943,MISSOURI CITY 1,943,29.600434,-95.515549,0.167,0.167
944,RICHMOND 1,944,29.482678,-95.680186,0.32,0.32
945,HOUSTON 11,945,29.906619,-95.180595,0.191,0.191
946,HOUSTON 33,946,29.724893,-95.363752,0.48,0.48
947,SPRING 8,947,30.194985,-95.548211,0.28,0.28
948,POINT COMFORT 2,948,28.6917,-96.5417,0.084,0.084
949,HOUSTON 28,949,29.911171,-95.341182,0.076,0.076
950,EL CAMPO,950,29.212328,-96.280585,2.02,2.02
951,HOUSTON 12,951,29.619365,-95.191192,0.92,0.92
952,PORT O CONNOR,952,28.444644,-96.491788,0.199,0.199
953,DICKINSON,953,29.456766,-95.031051,0.76,0.76
954,GALVESTON 1,954,29.310535,-94.775768,0.046,0.046
955,HOUSTON 10,955,29.76393,-95.173121,0.57,0.57
956,BAYTOWN 2,956,29.7731,-94.9019,0.25,0.25
957,LEAGUE CITY,957,29.50379,-95.087307,0.41,0.41
958,LIVERPOOL,958,29.284543,-95.28151,2.1,2.1
959,HOUSTON 16,959,29.759665,-95.256251,0.031,0.031
960,SUGAR LAND 1,960,29.620312,-95.605693,0.165,0.165
961,RICHMOND 2,961,29.64609,-95.794526,0.45,0.45
962,HOUSTON 82,962,29.812687,-95.583634,0.161,0.161
963,PINEHURST,963,30.160534,-95.669154,0.079,0.079
964,PEARLAND 2,964,29.545325,-95.350068,0.143,0.143
965,HOUSTON 47,965,29.734813,-95.416098,0.065,0.065
966,HOUSTON 79,966,29.741325,-95.560254,0.17,0.17
967,HOUSTON 49,967,29.826448,-95.426267,0.077,0.077
968,WADSWORTH,968,28.795,-96.0481,0.143,0.143
969,HOUSTON 18,969,29.718525,-95.274137,4.25,4.25
970,HOUSTON 88,970,29.694472,-95.649627,2.63,2.63
971,TOMBALL 1,971,30.094886,-95.585826,0.76,0.76
972,HOUSTON 22,972,29.743564,-95.30891,0.58,0.58
973,DEER PARK,973,29.723185,-95.128856,0.091,0.091
974,WALLIS,974,29.632734,-96.055105,0.65,0.65
975,HOUSTON 67,975,29.917695,-95.489993,0.111,0.111
976,SPRING 4,976,30.059307,-95.470689,0.87,0.87
977,SOUTH HOUSTON,977,29.661032,-95.229784,0.14,0.14
978,HOUSTON 3,978,29.726017,-95.638249,0.26,0.26
979,SEADRIFT,979,28.429626,-96.574173,0.35,0.35
980,HOUSTON 34,980,29.795344,-95.36759,0.07,0.07
981,SUGAR LAND 2,981,29.566996,-95.636016,0.17,0.17
982,CONROE 7,982,30.324546,-95.505008,0.22,0.22
983,LOLITA,983,28.833262,-96.521612,0.165,0.165
984,LAPORTE,984,29.726775,-95.059827,1.54,1.54
985,NEW CANEY,985,30.161219,-95.189761,0.29,0.29
986,HOUSTON 14,986,29.689824,-95.252393,0.032,0.032
987,HOUSTON 2,987,29.9522,-95.2422,0.134,0.134
988,HOUSTON 78,988,29.652205,-95.54623,0.099,0.099
989,HOUSTON 40,989,29.89036,-95.392527,2.92,2.92
990,BLOOMINGTON,990,28.695562,-96.794157,2.2,2.2
991,WILLIS 2,991,30.471374,-95.363872,0.164,0.164
992,HOUSTON 51,992,29.733777,-95.433346,0.12,0.12
993,PALACIOS,993,28.623423,-96.189925,0.077,0.077
994,CONROE 4,994,30.188194,-95.416291,0.134,0.134
995,HOUSTON 52,995,29.685706,-95.434764,0.078,0.078
996,SPRING 2,996,30.062169,-95.383966,0.03,0.03
997,KINGWOOD 1,997,30.053105,-95.157943,0.083,0.083
998,HOUSTON 5,998,29.9417,-95.5306,0.12,0.12
999,TEXAS CITY 1,999,29.391397,-94.920149,4.61,4.61
1000,KINGWOOD 2,1000,30.046777,-95.221022,0.47,0.47
1001,HOUSTON 8,1001,29.573552,-95.130613,0.097,0.097
1002,SPRING 7,1002,30.040876,-95.528919,3.42,3.42
1003,HOUSTON 41,1003,29.934695,-95.394872,0.066,0.066
1004,FRESNO,1004,29.537301,-95.474615,0.4,0.4
1005,HOUSTON 48,1005,29.798249,-95.416933,0.121,0.121
1006,HOUSTON 58,1006,29.881487,-95.452619,0.58,0.58
1007,PATTISON,1007,29.792687,-96.012215,0.143,0.143
1008,HOUSTON 77,1008,29.701847,-95.534537,1.39,1.39
1009,MISSOURI CITY 2,1009,29.473418,-95.558148,0.24,0.24
1010,HOUSTON 4,1010,29.721048,-95.39536,0.173,0.173
1011,TOMBALL 2,1011,30.061727,-95.681504,0.39,0.39
1012,CYPRESS 1,1012,29.997775,-95.669444,0.188,0.188
1013,HEMPSTEAD,1013,30.099931,-96.065554,13.3,13.3
1014,WEST COLUMBIA,1014,29.155616,-95.683469,0.065,0.065
1015,BAYTOWN 1,1015,29.6744,-94.9139,0.077,0.077
1016,SANTA FE 1,1016,29.303555,-95.032327,0.47,0.47
1017,HOUSTON 27,1017,29.66688,-95.335133,0.22,0.22
1018,SPRING 5,1018,30.178248,-95.50096,0.072,0.072
1019,HOUSTON 46,1019,29.771545,-95.411083,0.63,0.63
1020,HOUSTON 23,1020,29.773179,-95.314327,2.94,2.94
1021,MONTGOMERY,1021,30.306163,-95.68639,0.119,0.119
1022,HUNGERFORD,1022,29.416447,-96.085418,0.093,0.093
1023,HOUSTON 84,1023,29.670869,-95.58599,0.73,0.73
1024,HOUSTON 83,1024,29.699688,-95.584817,0.097,0.097
1025,HOUSTON 24,1025,29.721825,-95.318275,3.04,3.04
1026,HOUSTON 76,1026,29.988446,-95.531201,0.31,0.31
1027,HOUSTON 43,1027,29.706787,-95.401748,0.074,0.074
1028,HOUSTON 81,1028,29.8586,-95.580768,0.099,0.099
1029,HOUSTON 35,1029,29.656113,-95.378696,0.96,0.96
1030,HOUSTON 90,1030,29.827486,-95.65992,0.22,0.22
1031,BEASLEY,1031,29.464406,-95.966234,0.33,0.33
1032,HOUSTON 7,1032,29.613602,-95.11937,0.41,0.41
1033,LA MARQUE,1033,29.363162,-94.980107,0.08,0.08
1034,WALLER,1034,30.079593,-95.932264,0.94,0.94
1035,PORTER,1035,30.106685,-95.297121,0.41,0.41
1036,CYPRESS 2,1036,29.93433,-95.74763,0.47,0.47
1037,HOUSTON 30,1037,29.987805,-95.353412,0.097,0.097
1038,FULSHEAR,1038,29.592427,-95.955277,0.151,0.151
1039,LIBERTY,1039,30.075658,-94.733441,0.43,0.43
1040,WINNIE,1040,29.868546,-94.603021,0.41,0.41
1041,HOUSTON 63,1041,29.653418,-95.475296,4.46,4.46
1042,HOUSTON 70,1042,29.771225,-95.511751,0.58,0.58
1043,HOUSTON 55,1043,29.918595,-95.441194,0.94,0.94
1044,CROSBY,1044,29.932872,-95.057187,0.31,0.31
1045,MANVEL,1045,29.481461,-95.361402,0.46,0.46
1046,HOUSTON 54,1046,30.00824,-95.438996,0.195,0.195
1047,HOUSTON 89,1047,29.909215,-95.651234,0.32,0.32
1048,DAMON,1048,29.259878,-95.667662,0.97,0.97
1049,HOUSTON 74,1049,29.736295,-95.523292,0.113,0.113
1050,HOUSTON 26,1050,29.800187,-95.328888,0.49,0.49
1051,HOUSTON 32,1051,29.753624,-95.35981,0.6,0.6
1052,HOCKLEY,1052,30.047619,-95.833733,0.163,0.163
1053,ANGLETON,1053,29.174921,-95.450088,0.048,0.048
1054,CONROE 3,1054,30.377954,-95.37714,0.065,0.065
1055,HOUSTON 39,1055,29.74097,-95.391302,0.8,0.8
1056,HOUSTON 59,1056,29.583542,-95.460693,0.3,0.3
1057,PEARLAND 1,1057,29.561554,-95.279739,0.069,0.069
1058,HOUSTON 56,1058,29.740079,-95.446409,0.59,0.59
1059,HOUSTON 13,1059,29.586959,-95.225601,0.048,0.048
1060,CHANNELVIEW 2,1060,29.832539,-95.050891,0.043,0.043
1061,BAY CITY,1061,28.788479,-95.83925,0.036,0.036
1062,PASADENA 3,1062,29.6225,-95.0458,0.22,0.22
1063,BROOKSHIRE,1063,29.848463,-95.977102,0.155,0.155
1064,HOUSTON 25,1064,29.618714,-95.324221,0.68,0.68
1065,TEXAS CITY 2,1065,29.399203,-94.997254,0.44,0.44
1066,VICTORIA 3,1066,28.67673,-97.198682,0.87,0.87
1067,HOUSTON 36,1067,29.83159,-95.379553,0.159,0.159
1068,GANADO,1068,29.020933,-96.48981,0.44,0.44
1069,MONT BELVIEU,1069,29.8247,-94.9197,0.123,0.123
1070,BAYTOWN 3,1070,29.753517,-94.997277,0.123,0.123
1071,SPRING 6,1071,30.123428,-95.517064,0.121,0.121
1072,HUMBLE 2,1072,30.017301,-95.286217,0.113,0.113
1073,HOUSTON 69,1073,29.957234,-95.503258,0.162,0.162
1074,SANTA FE 2,1074,29.364468,-95.131078,0.034,0.034
1075,PORT BOLIVAR,1075,29.506866,-94.520121,0.187,0.187
1076,HOUSTON 42,1076,29.999296,-95.400207,0.37,0.37
1077,HOUSTON 85,1077,29.776093,-95.603037,0.3,0.3
1078,HOUSTON 50,1078,29.635793,-95.432889,0.23,0.23
1079,HOUSTON 62,1079,29.830024,-95.474409,0.32,0.32
1080,EAGLE LAKE,1080,29.397447,-96.384508,0.89,0.89
1081,CONROE 2,1081,30.221853,-95.338811,0.173,0.173
1082,WEBSTER,1082,29.53864,-95.1361,0.26,0.26
1083,SWEENY,1083,28.933093,-95.734948,0.24,0.24
1084,BLESSING,1084,28.85788,-96.353868,2.15,2.15
1085,WHARTON 1,1085,29.2878,-96.0683,0.8,0.8
1086,LAKE JACKSON,1086,29.050464,-95.475843,0.061,0.061
1087,BELLVILLE,1087,29.987117,-96.252942,0.26,0.26
1088,KATY 4,1088,29.853215,-95.831456,4.91,4.91
1089,HOUSTON 38,1089,29.61065,-95.386863,0.38,0.38
1090,FRIENDSWOOD,1090,29.515074,-95.192133,0.35,0.35
1091,HOUSTON 17,1091,29.62042,-95.268939,0.69,0.69
1092,HOUSTON 66,1092,30.007063,-95.488362,0.34,0.34
1093,FREEPORT 1,1093,28.9802,-95.342,0.43,0.43
1094,NEWGULF,1094,29.2639,-95.8997,4.3,4.3
1095,HOUSTON 60,1095,29.704019,-95.460905,0.69,0.69
1096,PASADENA 1,1096,29.723333,-95.210278,0.44,0.44
1097,STAFFORD,1097,29.62431,-95.567968,0.138,0.138
1098,EDNA,1098,29.042415,-96.689715,0.066,0.066
1099,HOUSTON 21,1099,29.685621,-95.304159,0.098,0.098
1100,NEEDVILLE,1100,29.382583,-95.807011,3.37,3.37
1101,SEALY,1101,29.795148,-96.107713,0.39,0.39
1102,KATY 3,1102,29.74063,-95.829571,0.72,0.72
1103,HOUSTON 37,1103,29.860021,-95.382184,0.173,0.173
1104,HOUSTON 19,1104,29.647012,-95.27663,0.31,0.31
1105,THOMPSONS,1105,29.4828,-95.6311,0.045,0.045
1106,HOUSTON 61,1106,29.748202,-95.468948,0.07,0.07
1107,GALVESTON 3,1107,29.253166,-94.924652,0.34,0.34
1108,EAST BERNARD,1108,29.522218,-96.218695,0.75,0.75
1109,HOUSTON 20,1109,29.862532,-95.29998,0.31,0.31
1110,CHANNELVIEW 1,1110,29.8161,-95.10773,0.031,0.031
1111,FREEPORT 3,1111,29.021218,-95.278251,0.021,0.021
1112,HOUSTON 15,1112,29.852379,-95.254076,0.132,0.132
1113,HOUSTON 31,1113,29.69843,-95.3569,3.08,3.08
1114,ROSHARON,1114,29.381402,-95.469968,4.55,4.55
1115,HOUSTON 44,1115,29.68025,-95.404913,2.2,2.2
1116,HOUSTON 75,1116,29.874575,-95.527099,4.36,4.36
1117,HOUSTON 71,1117,29.687947,-95.515725,0.081,0.081
1118,HUMBLE 1,1118,29.994499,-95.177499,3.69,3.69
1119,HOUSTON 68,1119,29.796871,-95.49165,0.34,0.34
1120,WILLIS 1,1120,30.4356,-95.5214,0.76,0.76
1121,BAYTOWN 4,1121,29.871693,-94.865324,0.075,0.075
1122,VAN VLECK,1122,29.132669,-95.94109,0.086,0.086
1123,HUFFMAN,1123,30.063168,-95.098858,0.133,0.133
1124,HOUSTON 53,1124,29.853067,-95.435966,0.07,0.07
1125,HOUSTON 91,1125,29.769285,-95.681292,4.14,4.14
1126,ROSENBERG,1126,29.548404,-95.861706,0.24,0.24
1127,PASADENA 5,1127,29.647916,-95.18978,0.38,0.38
1128,HOUSTON 45,1128,29.75415,-95.409498,0.125,0.125
1129,HOUSTON 6,1129,29.822201,-95.219429,0.98,0.98
1130,PASADENA 4,1130,29.645644,-95.140315,0.134,0.134
1131,HOUSTON 57,1131,29.952629,-95.446609,0.29,0.29
1132,GALVESTON 2,1132,29.278188,-94.83329,0.53,0.53
1133,POINT COMFORT 1,1133,28.652709,-96.559997,0.04,0.04
1134,KATY 2,1134,29.745681,-95.742143,0.26,0.26
1135,SPRING 3,1135,30.136972,-95.46836,0.049,0.049
1136,DANBURY,1136,29.231528,-95.314319,0.43,0.43
1137,WHARTON 2,1137,29.349096,-96.191821,0.57,0.57
1138,VICTORIA 1,1138,28.675088,-96.956014,0.35,0.35
1139,HOUSTON 64,1139,29.675339,-95.479372,0.189,0.189
1140,HOUSTON 65,1140,29.620736,-95.48615,1.93,1.93
1141,LA PORTE,1141,29.694838,-95.040622,1.83,1.83
1142,MAGNOLIA 1,1142,30.216858,-95.647214,0.04,0.04
1143,ALVIN,1143,29.425,-95.1872,0.27,0.27
1144,HOUSTON 86,1144,29.926556,-95.603242,0.122,0.122
1145,BRAZORIA,1145,28.960572,-95.558277,0.196,0.196
1146,HOUSTON 87,1146,29.750233,-95.615384,0.09,0.09
1147,FREEPORT 2,1147,28.991289,-95.407481,0.194,0.194
1148,CONROE 6,1148,30.233845,-95.495681,0.177,0.177
1149,MADISONVILLE,1149,30.953672,-95.905344,0.095,0.095
1150,NORMANGEE,1150,31.132442,-96.13919,0.061,0.061
1151,ARP,1151,32.26754,-95.077715,0.3,0.3
1152,CENTERVILLE,1152,31.136452,-95.934344,0.6,0.6
1153,LUFKIN 3,1153,31.340783,-94.82617,0.154,0.154
1154,FLINT,1154,32.218325,-95.413415,0.192,0.192
1155,BULLARD,1155,32.11274,-95.347503,4.98,4.98
1156,CHANDLER,1156,32.271436,-95.521442,0.34,0.34
1157,PLANTERSVILLE,1157,30.316397,-95.84999,0.33,0.33
1158,MARQUEZ,1158,31.235882,-96.22928,3.78,3.78
1159,TENNESSEE COLONY,1159,31.93201,-95.980743,0.9,0.9
1160,ANDERSON,1160,30.527987,-96.011435,0.62,0.62
1161,MINEOLA,1161,32.816432,-95.424745,0.157,0.157
1162,LOVELADY,1162,31.092367,-95.499937,0.65,0.65
1163,HUNTINGTON,1163,31.230511,-94.509986,0.197,0.197
1164,BRYAN 4,1164,30.661252,-96.322612,0.046,0.046
1165,FRANKSTON,1165,32.035939,-95.418796,0.25,0.25
1166,TYLER 4,1166,32.321937,-95.302223,0.017,0.017
1167,BEN WHEELER,1167,32.427978,-95.661983,0.86,0.86
1168,GARRISON,1168,31.81932,-94.520617,0.88,0.88
1169,ETOILE,1169,31.465312,-94.367277,0.24,0.24
1170,LUFKIN 1,1170,31.365833,-94.743611,0.71,0.71
1171,PALESTINE 1,1171,31.863226,-95.484612,3.42,3.42
1172,LINDALE,1172,32.537897,-95.435716,0.46,0.46
1173,WHITEHOUSE,1173,32.221577,-95.220644,0.52,0.52
1174,OVERTON,1174,32.250339,-94.936535,0.077,0.077
1175,GRAND SALINE,1175,32.646573,-95.687531,0.75,0.75
1176,SHIRO,1176,30.5924,-95.9178,0.82,0.82
1177,MIDWAY,1177,30.959521,-95.715509,0.6,0.6
1178,SULPHUR SPRINGS,1178,33.167979,-95.608219,0.39,0.39
1179,VAN,1179,32.535169,-95.643977,0.49,0.49
1180,MURCHISON,1180,32.158557,-95.643712,16,16
1181,NACOGDOCHES 2,1181,31.723329,-94.628596,3.5,3.5
1182,DIBOLL,1182,31.186933,-94.758734,0.147,0.147
1183,FAIRFIELD 1,1183,31.8907,-96.1131,0.27,0.27
1184,TYLER 8,1184,32.304235,-95.390814,0.124,0.124
1185,ATHENS 1,1185,32.244008,-95.807608,0.88,0.88
1186,BUFFALO,1186,31.473728,-96.009175,0.47,0.47
1187,RUSK,1187,31.779325,-95.19267,0.47,0.47
1188,WINONA,1188,32.482238,-95.106353,0.199,0.199
1189,FAIRFIELD 2,1189,31.8206,-96.0544,0.86,0.86
1190,CUSHING 2,1190,31.796249,-94.85434,0.43,0.43
1191,NACOGDOCHES 3,1191,31.631742,-94.740721,1.7,1.7
1192,FAIRFIELD 3,1192,31.782559,-96.093621,0.152,0.152
1193,TRINIDAD 2,1193,32.166584,-96.11882,0.44,0.44
1194,DIKE,1194,33.261225,-95.47242,0.096,0.096
1195,JEWETT 1,1195,31.4219,-96.2525,0.43,0.43
1196,PALESTINE 2,1196,31.946003,-95.813468,0.185,0.185
1197,EMORY,1197,32.880733,-95.749061,0.86,0.86
1198,MT. ENTERPRISE,1198,32.017826,-94.619743,0.38,0.38
1199,TYLER 9,1199,32.413107,-95.443348,0.98,0.98
1200,FRANKLIN,1200,31.1803,-96.4866,0.133,0.133
1201,TYLER 3,1201,32.418412,-95.21307,0.143,0.143
1202,ELKHART,1202,31.606693,-95.58334,0.22,0.22
1203,WORTHAM,1203,31.89348,-96.433735,0.34,0.34
1204,OAKWOOD,1204,31.557267,-95.863721,0.73,0.73
1205,COOKVILLE,1205,33.241961,-94.857848,0.72,0.72
1206,COLLEGE STATION 1,1206,30.561385,-96.272583,0.076,0.076
1207,EDGEWOOD,1207,32.715013,-95.854461,0.073,0.073
1208,CUSHING 1,1208,31.832132,-94.90064,0.64,0.64
1209,TYLER 2,1209,32.301523,-95.177964,0.176,0.176
1210,ALTO,1210,31.61295,-95.06209,0.023,0.023
1211,CALVERT,1211,31.003109,-96.688981,0.167,0.167
1212,JEWETT 2,1212,31.32952,-96.152778,4.47,4.47
1213,NAVASOTA,1213,30.369294,-96.054766,0.38,0.38
1214,MOUNT PLEASANT 2,1214,33.334851,-95.1615,0.158,0.158
1215,SCROGGINS,1215,33.024442,-95.197098,0.31,0.31
1216,WILLS POINT,1216,32.703269,-95.994666,0.092,0.092
1217,ATHENS 2,1217,32.094348,-95.906047,0.28,0.28
1218,POINT,1218,32.989261,-95.912936,4.25,4.25
1219,LUFKIN 2,1219,31.301706,-94.641414,1.64,1.64
1220,JACKSONVILLE 1,1220,31.93985,-94.989834,0.13,0.13
1221,CROCKETT,1221,31.188898,-95.255739,0.173,0.173
1222,HENDERSON 1,1222,31.925449,-94.704029,0.46,0.46
1223,BRYAN 3,1223,30.797736,-96.312084,0.76,0.76
1224,JACKSONVILLE 2,1224,31.945137,-95.25698,0.093,0.093
1225,BRYAN 5,1225,30.743004,-96.548436,0.187,0.187
1226,MALAKOFF,1226,32.12747,-96.01423,0.44,0.44
1227,CUMBY,1227,33.098096,-95.803234,0.36,0.36
1228,NACOGDOCHES 1,1228,31.509051,-94.527216,0.126,0.126
1229,MOUNT PLEASANT 1,1229,33.0917,-95.0417,0.011,0.011
1230,TEAGUE,1230,31.4789,-96.229757,0.013,0.013
1231,TYLER 7,1231,32.235066,-95.321028,0.193,0.193
1232,TYLER 6,1232,32.362434,-95.315262,0.55,0.55
1233,YANTIS,1233,32.925093,-95.568154,0.159,0.159
1234,POLLOK,1234,31.390774,-95.126653,0.133,0.133
1235,TYLER 1,1235,32.362631,-95.086688,0.141,0.141
1236,COLLEGE STATION 2,1236,30.609093,-96.325984,0.36,0.36
1237,HEARNE,1237,30.871914,-96.526934,0.135,0.135
1238,MOUNT VERNON,1238,33.176532,-95.358602,0.32,0.32
1239,IOLA,1239,30.726087,-96.096428,0.02,0.02
1240,STREETMAN,1240,31.76524,-96.329922,2.75,2.75
1241,COMO,1241,33.01419,-95.460935,0.9,0.9
1242,HENDERSON 2,1242,32.239409,-94.728328,0.096,0.096
1243,TRINIDAD 1,1243,32.124519,-96.101277,0.65,0.65
1244,ZAVALLA,1244,31.138382,-94.375214,0.159,0.159
1245,GRAPELAND,1245,31.417425,-95.481652,0.24,0.24
1246,BRYAN 2,1246,30.64741,-96.372316,0.156,0.156
1247,CANTON,1247,32.518146,-95.888865,0.027,0.027
1248,TYLER 5,1248,32.469555,-95.307879,0.55,0.55
1249,BREMOND,1249,31.091925,-96.69503,0.9,0.9
1250,BRYAN 1,1250,30.7217,-96.4608,0.033,0.033
